SAMPLE_ID,Subtype,Grade,Age,LN_Status,Tumor_Size,EVENT,TIME,Risk Group
TCGA-A1-A0SF,0,0,0,0,1,0,4.008175253,0
TCGA-A1-A0SJ,0,1,0,1,1,0,1.139713538,0
TCGA-PE-A5DC,0,0,1,1,1,1,3.917765285,0
TCGA-A1-A0SM,0,0,1,0,1,0,0.663006433,1
TCGA-A1-A0SQ,0,0,0,1,1,0,1.517791586,1
TCGA-B6-A0I8,0,0,0,-1,0,1,2.052032307,1
TCGA-A2-A0CQ,0,0,1,0,0,0,7.383480729,1
TCGA-A2-A0CV,0,0,0,1,1,0,8.249224666,1
TCGA-BH-A1ES,0,1,0,1,1,1,9.484827567,0
